n,t,ecg,ppg
0,0.0,-0.00021083866034344624,-0.3768393993800791
1,0.01,-0.00020407439186572417,-0.37585933632561913
2,0.02,-0.00016457332121890857,-0.379526282099322
3,0.03,-0.00015876444005430077,-0.3848027613685131
4,0.04,-0.00011810198239512425,-0.3878589800225002
5,0.05,-0.00012891382879680335,-0.3946057012741144
6,0.06,-0.00011605302501516666,-0.3868299782129133
7,0.07,-0.00014665749711231454,-0.38266363029194617
8,0.08,-0.0001618057559873813,-0.36330509059330346
9,0.09,-0.00022868078910014134,-0.33487556784593286
10,0.1,-0.00023912536851257264,-0.2747878381748366
11,0.11,-0.0002719503135155017,-0.2362833032455339
12,0.12,-0.0002743501872113051,-0.14752000107930852
13,0.13,-0.00030203280324285486,-0.03895369919388527
14,0.14,-0.0002891032669219643,0.10710839455828923
15,0.15,-0.0002993621645174735,0.19995622552580788
16,0.16,-0.0003045023819647566,0.33532085404190654
17,0.17,-0.00030620321638872953,0.48557278995497016
18,0.18,-0.0002815047864871082,0.6128226250951496
19,0.19,-0.00030602940953942774,0.6890483551626956
20,0.2,-0.0002818883188826244,0.76323712342307
21,0.21,-0.00028717152039548985,0.8412532476292213
22,0.22,-0.0002716618763745973,0.8746214857715457
23,0.23,-0.0002829478524426863,0.899103118394972
24,0.24,-0.00027568229186420573,0.8974488703226403
25,0.25,-0.0002846886746181287,0.9034514278324192
26,0.26,-0.00025835644910270246,0.8827516564316628
27,0.27,-0.00028364769103164655,0.8800532824593594
28,0.28,-0.000258878485722331,0.8547806971723068
29,0.29,-0.0002716547356262089,0.8386247776066883
30,0.3,-0.0002563378399898335,0.8079493716257099
31,0.31,-0.00026036038607694413,0.7995706303286423
32,0.32,-0.00026230763442721024,0.7728665152019478
33,0.33,-0.0002750175334031678,0.7535286803070272
34,0.34,-0.0002638091064718802,0.7147771809181156
35,0.35,-0.00027671644441127144,0.6967851478389783
36,0.36,-0.0002689653619522645,0.6556955632068513
37,0.37,-0.00028909052281494985,0.6193456185063428
38,0.38,-0.00028334024445567964,0.5711650923931209
39,0.39,-0.0002872161188122342,0.5470787332761651
40,0.4,-0.0002675534312172219,0.5086522366638129
41,0.41,-0.0002696220804460636,0.4784084008775715
42,0.42,-0.0002865147675638804,0.4548157662670777
43,0.43,-0.0002862542158386973,0.4473588153147735
44,0.44,-0.00026435035389467745,0.43479006346178
45,0.45,-0.0002795953625275415,0.4281059238267489
46,0.46,-0.00027291915900677123,0.4147529941623515
47,0.47,-0.0002882603171744484,0.409184393958635
48,0.48,-0.00027875554145844264,0.3875500914857612
49,0.49,-0.0002777964420337658,0.3658464262620524
50,0.5,-0.0002013113295996835,0.33322208917458346
51,0.51,-0.00020962478861589334,0.3175281195875779
52,0.52,-0.0002195504063289,0.2829794740742955
53,0.53,-0.00023663039391415112,0.2534467830453176
54,0.54,-0.00020364078399809533,0.21579247664817783
55,0.55,-0.0002329547642151951,0.19596907720411869
56,0.56,-0.00025609804041623087,0.16624670652108794
57,0.57,-0.0003145133325006908,0.13302145432005474
58,0.58,-0.000297602668056866,0.09703243678639775
59,0.59,-0.00030815495539327636,0.07912026673014233
60,0.6,-0.0002794209873988925,0.05188346310188854
61,0.61,-0.00029925160557178927,0.026539620705923472
62,0.62,-0.00027849140184019877,-0.0035806224808431174
63,0.63,-0.000296865442941361,-0.021644543927351666
64,0.64,-0.0002668109590226869,-0.05700177073282506
65,0.65,-0.00033538167968632897,-0.09151409406827991
66,0.66,-0.000594424821466542,-0.12834912819829572
67,0.67,-0.00044675121741549577,-0.1495399390082008
68,0.68,0.0008125759635183825,-0.17467513129450354
69,0.69,0.0015624868572814525,-0.19789284449083233
70,0.7,0.0004334772420136971,-0.2139188924212457
71,0.71,-0.0005039062367768674,-0.2227246634334443
72,0.72,-0.0007398849257231385,-0.2264792273597143
73,0.73,-0.000353284212172315,-0.2332351476765839
74,0.74,-0.00025191963536100315,-0.2385517643535911
75,0.75,-0.0002524888256521668,-0.24307834322936514
76,0.76,-0.0002494976043607017,-0.25366329805112064
77,0.77,-0.00024157299623909015,-0.2654347462952928
78,0.78,-0.0002478598785596482,-0.27721910582969145
79,0.79,-0.00022785266478731435,-0.28525757610071906
80,0.8,-0.00023752119924261468,-0.3008205048690091
81,0.81,-0.00022597740365540124,-0.3213674663241239
82,0.82,-0.00022923788199153208,-0.3383656385163678
83,0.83,-0.0002141663024940333,-0.346989707675806
84,0.84,-0.00022563400101520935,-0.3569092152163568
85,0.85,-0.00022409356068082802,-0.3689375846695514
86,0.86,-0.00020079709967301025,-0.382229356030483
87,0.87,-0.00019096735624978857,-0.3928865590876693
88,0.88,-0.0001851347098466207,-0.40713337386441895
89,0.89,-0.00014267617759460872,-0.4243571338090682
90,0.9,-0.00013793987977119698,-0.43342789802944554
91,0.91,-8.670121244055279e-05,-0.4401429007794494
92,0.92,-6.390845991803215e-05,-0.43984525075420866
93,0.93,-4.17621063871082e-05,-0.44371928903863833
94,0.94,-3.7240680776923565e-05,-0.43650771821530826
95,0.95,-3.276594512911617e-05,-0.4354711507488473
96,0.96,-3.5966570132545464e-05,-0.4238478791222519
97,0.97,-8.044617900001584e-05,-0.41781525162318023
98,0.98,-0.00011271464482265868,-0.38992769473799305
99,0.99,-0.00014683568344491665,-0.3720748874716431
100,1.0,-0.00018211624912088317,-0.3137470613760694
101,1.01,-0.00020048567012671305,-0.2346810588620564
102,1.02,-0.0002136012803555607,-0.10981830730406472
103,1.03,-0.00022433924206660856,-0.030506504863426064
104,1.04,-0.00020974143628359025,0.10045021036051736
105,1.05,-0.0002119510964936639,0.25467847391617787
106,1.06,-0.00022266707187575466,0.40416324027162376
107,1.07,-0.00022873062752079912,0.4910771854786201
108,1.08,-0.00022225907333403398,0.5914121368528905
109,1.09,-0.00022517629716404391,0.697873741105815
110,1.1,-0.0002061649005366331,0.7686389572799428
111,1.11,-0.0002173557534017271,0.8137369335983051
112,1.12,-0.0002088696751245296,0.8437570528368608
113,1.13,-0.00019978023525419122,0.8759619775493334
114,1.14,-0.00019736333193839245,0.8708282887053338
115,1.15,-0.00019773075070998042,0.8739934587169879
116,1.16,-0.0001917620310957005,0.8539986795263103
117,1.17,-0.00020002889432399473,0.8408270261470786
118,1.18,-0.0001874825810728644,0.8153312585506799
119,1.19,-0.00019061476460650005,0.8107372589365026
120,1.2,-0.0001891487890403002,0.7925046861273158
121,1.21,-0.0001912518119485153,0.7786297282610746
122,1.22,-0.0001997986045586212,0.7501200902460711
123,1.23,-0.00018435268318360044,0.7397265077848649
124,1.24,-0.00019298812398340498,0.7057942886557232
125,1.25,-0.0002014379653212297,0.6715437092932136
126,1.26,-0.00020150844839789475,0.6240859421881356
127,1.27,-0.0002154522927477684,0.6033962369349603
128,1.28,-0.00020391140569947508,0.5692018755448535
129,1.29,-0.00020920553942629407,0.5461405451986068
130,1.3,-0.00020792184232817923,0.5238345777102963
131,1.31,-0.00022266006372296046,0.5162131385224817
132,1.32,-0.0002019333939643972,0.5006258317682244
133,1.33,-0.00021170615029996245,0.4888453803201213
134,1.34,-0.00021172810413898173,0.4708458840582333
135,1.35,-0.00021164710887439098,0.46455692736452625
136,1.36,-0.0001999022705041001,0.4456900924004171
137,1.37,-0.00021423731691235653,0.42683202174361357
138,1.38,-0.00020935289367191717,0.39884128394307117
139,1.39,-0.0002118110918133964,0.38800325042589107
140,1.4,-0.00020052878120373034,0.36354149132004204
141,1.41,-0.00020418623025117433,0.3421391441753088
142,1.42,-0.0002078884110199991,0.3052104585716427
143,1.43,-0.00017104041774156607,0.28586947595510886
144,1.44,-0.0001181236256093867,0.25213574854298537
145,1.45,-0.00014409950852981197,0.2200837887596165
146,1.46,-0.0001615802841409015,0.17748319216401107
147,1.47,-0.000163937098194622,0.15319847202260015
148,1.48,-0.00012935375073860542,0.1095540729300502
149,1.49,-0.00017557111418165308,0.06919773228373115
150,1.5,-0.00020154080208683797,0.025991619917891107
151,1.51,-0.0002505328228673328,0.0014243728232527354
152,1.52,-0.00021849197031846568,-0.0321933305809108
153,1.53,-0.0002335888524519266,-0.06836589872421366
154,1.54,-0.00021273940478288254,-0.0986054247922833
155,1.55,-0.00023856821835762688,-0.1135338245583113
156,1.56,-0.00019442572336955503,-0.1317237682579433
157,1.57,-0.0002288021215762527,-0.14952380617337735
158,1.58,-0.00018180527580511328,-0.16789265809165455
159,1.59,-0.00033806863062618535,-0.1780636979981256
160,1.6,-0.0005411899396183893,-0.18828042693789562
161,1.61,-0.00018976657480497192,-0.1970474573163507
162,1.62,0.0012298939972590454,-0.21013059080558308
163,1.63,0.0014621751531836182,-0.21975576638002658
164,1.64,0.0002616469626101625,-0.23243815986675403
165,1.65,-0.0005081161706280441,-0.2493282392542041
166,1.66,-0.0005929392820558828,-0.2694863241393018
167,1.67,-0.00019450613552234736,-0.28271510743502776
168,1.68,-0.00017590048487149852,-0.3002097781050961
169,1.69,-0.00016079903483459668,-0.3215308404864402
170,1.7,-0.00018998301631288628,-0.3399441699383378
171,1.71,-0.00016311499137954856,-0.3513542843883518
172,1.72,-0.00017345269522144394,-0.3660823411054722
173,1.73,-0.0001716484023526737,-0.3847340220458052
174,1.74,-0.00016806158767901716,-0.3998908321746858
175,1.75,-0.00014694598772247054,-0.40934320703212007
176,1.76,-0.00016395095460524506,-0.41215978050453034
177,1.77,-0.00014542179250593389,-0.42034660985404493
178,1.78,-0.00014368491759448807,-0.42066515536256976
179,1.79,-0.00013236262700470555,-0.4214943804176845
180,1.8,-0.0001306545699232796,-0.41726876125875606
181,1.81,-0.00011340360357692779,-0.42282044591661844
182,1.82,-9.901000682207249e-05,-0.4280475325095011
183,1.83,-6.068407863723396e-05,-0.4329116269227914
184,1.84,-4.888731222455096e-05,-0.436476454828222
185,1.85,-8.603752355059585e-06,-0.4466784490373969
186,1.86,6.034810756304354e-06,-0.4519206862003151
187,1.87,4.657841350845342e-05,-0.45720558953714113
188,1.88,4.7959771300527115e-05,-0.45377988281167136
189,1.89,4.730775522380354e-05,-0.455656093601254
190,1.9,2.2846811823407087e-05,-0.4410083433415481
191,1.91,-4.6104180427223446e-06,-0.43386330819954894
192,1.92,-4.645497488678374e-05,-0.40883186452619596
193,1.93,-9.230464252058326e-05,-0.36791051850931483
194,1.94,-0.00011897526114029375,-0.29173567000778644
195,1.95,-0.00014138822935110332,-0.24436204774597844
196,1.96,-0.00015440170075184216,-0.13640754467240307
197,1.97,-0.00014571270405845833,-0.009629570329389398
198,1.98,-0.0001668961450662053,0.15049836355665952
199,1.99,-0.00016598770084710196,0.24957561447877788
200,2.0,-0.00015532003913040597,0.38660228266762614
201,2.01,-0.00016347673702866994,0.5363624082338383
202,2.02,-0.0001614064882060843,0.6537144955743521
203,2.03,-0.00015942530355950862,0.7213376084508929
204,2.04,-0.00015866922606424215,0.7772401079389882
205,2.05,-0.0001442563929386024,0.8315510695247457
206,2.06,-0.00014476210605367246,0.8467607633575339
207,2.07,-0.00014137586475797097,0.863270544471363
208,2.08,-0.00013807328760218757,0.8573313703278606
209,2.09,-0.0001383174718745505,0.8614170024761955
210,2.1,-0.00013755688934427406,0.841809991245478
211,2.11,-0.00013010575979227786,0.8382391382633688
212,2.12,-0.00014610336109749204,0.8136468363203021
213,2.13,-0.00013130105232516537,0.7992660338674257
214,2.14,-0.00013979847820396601,0.7706720858397854
215,2.15,-0.00014571988294815978,0.7611627709527409
216,2.16,-0.00014887644306176874,0.7419108643615138
217,2.17,-0.0001490934948484915,0.7282372395073039
218,2.18,-0.00015252331897389754,0.7063461948828671
219,2.19,-0.00016408294400314764,0.6988215604239069
220,2.2,-0.0001626746082062317,0.673782837159671
221,2.21,-0.0001619582216757648,0.6542818897968954
222,2.22,-0.00016674626605247926,0.6265388136111268
223,2.23,-0.00016300848842928754,0.6154340605383815
224,2.24,-0.00017648647647632368,0.5947880529600594
225,2.25,-0.0001742575480411946,0.578699141850067
226,2.26,-0.0001680178677000519,0.5640215017867353
227,2.27,-0.0001809050346415781,0.5623949879926112
228,2.28,-0.00017263276283593226,0.5509111582234172
229,2.29,-0.000169403992826285,0.5483328513509627
230,2.3,-0.00018039032902966018,0.5369238538633796
231,2.31,-0.00018208286708294719,0.5342280673083909
232,2.32,-0.0001729142748843216,0.5140164525624312
233,2.33,-0.00017973785343635904,0.4943572195423733
234,2.34,-0.00018601356248039262,0.4566040298058923
235,2.35,-0.00018660089165323593,0.43745219225980697
236,2.36,-0.00018838813186186631,0.39765078938547754
237,2.37,-0.00018073506436892123,0.3550572010498903
238,2.38,-0.00018949963022834096,0.30534675133211214
239,2.39,-0.0001734964848093181,0.2814977464579915
240,2.4,-0.00018063604565528822,0.24289809963937062
241,2.41,-0.00018105214321400415,0.2063845351078042
242,2.42,-0.00018461256816993364,0.1671844072049218
243,2.43,-0.00015683330806835413,0.1479086508103534
244,2.44,-0.00012872371125958668,0.12081184528869901
245,2.45,-0.00011699128131102687,0.09302360920661847
246,2.46,-0.00013941295425977558,0.06139789908222182
247,2.47,-0.00012818658690062594,0.04434182134813982
248,2.48,-0.00012022046598963998,0.011124886194085989
249,2.49,-0.00015096553983665398,-0.019859455859839857
250,2.5,-0.00019801887172390432,-0.054396252334831696
251,2.51,-0.00021381426361763607,-0.07285085297710021
252,2.52,-0.0002073521900024678,-0.0965023193375717
253,2.53,-0.00019999447532206144,-0.11757720589162622
254,2.54,-0.00021071261570749893,-0.1388716517284143
255,2.55,-0.00019859560807348672,-0.15109633470006234
256,2.56,-0.0002099858530408595,-0.16665869215985893
257,2.57,-0.0001961259312794686,-0.18163783110901285
258,2.58,-0.00018480265354060832,-0.19681195727302406
259,2.59,-0.0002211413560426912,-0.20566573539113253
260,2.6,-0.000463405613938447,-0.2189529469420636
261,2.61,-0.0004914211606625914,-0.22854552162090608
262,2.62,0.0005416119739751063,-0.23754326447901716
263,2.63,0.0016868762887543333,-0.24267325884254215
264,2.64,0.0007637233042864511,-0.2477789067975501
265,2.65,-0.0002422909791355756,-0.25557366802936243
266,2.66,-0.0006618099415908914,-0.26709533715241757
267,2.67,-0.00041600701554886897,-0.2745867367581261
268,2.68,-0.00017839636222181238,-0.2910811115670452
269,2.69,-0.0001827256297314995,-0.3056583997083421
270,2.7,-0.0001748476896161165,-0.3210180009731794
271,2.71,-0.0001925969049847865,-0.329561390558898
272,2.72,-0.0001718962175495161,-0.3367484206265658
273,2.73,-0.00018750113467476924,-0.34347655108286945
274,2.74,-0.00018083206020205224,-0.3490951394766381
275,2.75,-0.0001795224948234215,-0.3531078447442937
276,2.76,-0.00017417195253527883,-0.3611972422786373
277,2.77,-0.00017812433171371204,-0.37176341112521477
278,2.78,-0.00016564603014461096,-0.3879811979833702
279,2.79,-0.00017419259951499157,-0.399784589191717
280,2.8,-0.00015558690654338993,-0.4142959094414097
281,2.81,-0.00016263617904555862,-0.42872021865906645
282,2.82,-0.0001292382628481619,-0.43509027586084287
283,2.83,-0.00011364289736770505,-0.4396749484814077
284,2.84,-9.405898965583401e-05,-0.4435864996659921
285,2.85,-7.41461620836336e-05,-0.4510509660566109
286,2.86,-3.64779549039268e-05,-0.45351976060499266
287,2.87,-1.6726645015448932e-05,-0.4567804791923476
288,2.88,-6.793638264770627e-06,-0.45746921243062477
289,2.89,-3.0465451694786094e-06,-0.46522142982420206
290,2.9,-1.8506061573345112e-05,-0.4652252731973188
291,2.91,-3.168533586346729e-05,-0.46657715258657423
292,2.92,-6.725094179726825e-05,-0.4550050887630617
293,2.93,-0.0001093271001679462,-0.4350542875797169
294,2.94,-0.00015172464870348394,-0.3842701195444462
295,2.95,-0.0001714345726621016,-0.35067087902435806
296,2.96,-0.0001782462931662135,-0.2670373003538825
297,2.97,-0.000193324818498309,-0.16101306792147682
298,2.98,-0.00019457506342132093,-0.023844575175347174
299,2.99,-0.00019987523398145614,0.06005737867003491
300,3.0,-0.0002029073786976171,0.18042514404589088
301,3.01,-0.00020518091089865263,0.3123662201626942
302,3.02,-0.0002003695190810565,0.42395085622457324
303,3.03,-0.00020806513141509962,0.4903866799942519
304,3.04,-0.00020676351165088182,0.5493336858236185
305,3.05,-0.00020057489351010295,0.6158627023693248
306,3.06,-0.00020794649642023356,0.6450492754812603
307,3.07,-0.0002030091153354171,0.6681962106561937
308,3.08,-0.00019246129317966772,0.6725513007793958
309,3.09,-0.0001983268322924732,0.6824527702999494
310,3.1,-0.00019873164273604554,0.6567814328338724
311,3.11,-0.00019439406793507995,0.6471420823974816
312,3.12,-0.00018013441347538954,0.6151978280698663
313,3.13,-0.00018854416673771794,0.5869250787546948
314,3.14,-0.00018347501923083286,0.5449723866799614
315,3.15,-0.00019722624337158504,0.5282613170416778
316,3.16,-0.00020051541605678805,0.48934729401706484
317,3.17,-0.00020524802658879703,0.4516938501180426
318,3.18,-0.0002104089225330747,0.3995829654844439
319,3.19,-0.000211322416882714,0.37424431596399343
320,3.2,-0.00020597835385005245,0.32640033203067387
321,3.21,-0.00021409717063961171,0.28206192995205454
322,3.22,-0.00022326310247378946,0.2347610974126312
323,3.23,-0.00021720210447702913,0.2134785721254427
324,3.24,-0.0002329058498872702,0.18599683413437387
325,3.25,-0.00021550317850536904,0.16344929594401536
326,3.26,-0.00021861946685750554,0.13762098484787968
327,3.27,-0.0002202847061939621,0.1252457381421309
328,3.28,-0.00022241580752286466,0.10865674670879705
329,3.29,-0.00023401100137881645,0.08783531574782567
330,3.3,-0.00022150942163702558,0.06331443380807603
331,3.31,-0.00021793396481789226,0.053504314474602646
332,3.32,-0.00023163804643192704,0.03558722238905
333,3.33,-0.0002273406186955526,0.018661479651711155
334,3.34,-0.0002286455343016025,-0.009213716245767249
335,3.35,-0.00020753043843656747,-0.024031301541303406
336,3.36,-0.0002300490517996162,-0.058479052470038595
337,3.37,-0.0002234224075091419,-0.09722036892634897
338,3.38,-0.00023404265987147892,-0.14979509955453535
339,3.39,-0.00022640491338345343,-0.1786440939220867
340,3.4,-0.00021871920903043796,-0.22451618064023446
341,3.41,-0.00023061786036456498,-0.2679487086036986
342,3.42,-0.00023141849741194903,-0.31407955954749817
343,3.43,-0.00023160743298989914,-0.34053447685309274
344,3.44,-0.00023139189681003688,-0.3800207244536349
345,3.45,-0.00020125924994202245,-0.42107660085188914
346,3.46,-0.00023275640448344737,-0.4633479644142765
347,3.47,-0.00021841865843228586,-0.4886757401270633
348,3.48,-0.00018150496028531207,-0.5183751781004308
349,3.49,-0.00015209254143924884,-0.5506576449410392
350,3.5,-0.0001819300545417915,-0.5715637798866663
351,3.51,-0.00018190021939148981,-0.5816854923465703
352,3.52,-0.00016467271544640637,-0.5915462182868748
353,3.53,-0.00015988060701783817,-0.6032280372125397
354,3.54,-0.0001950668582182697,-0.6172385591499715
355,3.55,-0.0002189407506764593,-0.6267432714978585
356,3.56,-0.00023840869271689845,-0.6427073858155822
357,3.57,-0.000234467136439917,-0.6572508786182962
358,3.58,-0.00022884253729327057,-0.6762136027320822
359,3.59,-0.00021612686010620205,-0.6897890572710903
360,3.6,-0.0002386041747938876,-0.7071907020698143
361,3.61,-0.00021737428151627144,-0.7283636809514918
362,3.62,-0.00024079569831782222,-0.7487154538391665
363,3.63,-0.00018552343568578947,-0.7623224965678541
364,3.64,-0.00032728867242610635,-0.779359015010339
365,3.65,-0.0005742562321638112,-0.8034996984807049
366,3.66,-0.00030640473699515905,-0.8246501255231814
367,3.67,0.00111583084901817,-0.8381388393684998
368,3.68,0.001506914706450757,-0.8518714734713665
369,3.69,0.00018578416204951924,-0.8740264276319974
370,3.7,-0.00041364231232246355,-0.88783159984269
371,3.71,-0.0006944028171107907,-0.8951281266676053
372,3.72,-0.00032847639895058553,-0.898820222520364
373,3.73,-0.00021089896535442763,-0.9036619947576479
374,3.74,-0.0001720694343328895,-0.9051656044499078
375,3.75,-0.00019670817267493368,-0.9082596523521409
376,3.76,-0.0001814524173549964,-0.9064393267237733
377,3.77,-0.00020134245718338856,-0.9103937667475699
378,3.78,-0.00016912548209137984,-0.9120937386899218
379,3.79,-0.00019086023644860305,-0.9153082405702667
380,3.8,-0.0001850836562169514,-0.9164448576657058
381,3.81,-0.00018833729254697298,-0.9185925542581898
382,3.82,-0.00016599166343408446,-0.9166900601415839
383,3.83,-0.00016527576204901362,-0.9186288051342436
384,3.84,-0.0001572573700084224,-0.9165496806530383
385,3.85,-0.0001635056530637502,-0.9211920854451064
386,3.86,-0.000130790212013775,-0.9203183666296268
387,3.87,-0.00012717074874800047,-0.921753403685254
388,3.88,-9.49382841265254e-05,-0.9137592198960829
389,3.89,-9.058220011185815e-05,-0.9038416250678645
390,3.9,-4.7524321021820415e-05,-0.8832866445390123
391,3.91,-2.7436814557491376e-05,-0.8753196407758306
392,3.92,-4.901042708822453e-06,-0.8566899140146165
393,3.93,1.2447783997133338e-05,-0.8493644961356781
394,3.94,3.494207069844324e-05,-0.8375082355853646
395,3.95,-2.109774348540809e-05,-0.8358868843856587
396,3.96,-2.516650157038773e-05,-0.8297019618296613
397,3.97,-7.277166976199338e-05,-0.8210807999889201
398,3.98,-9.072027035393962e-05,-0.779698730209062
399,3.99,-0.00014526314565294594,-0.7522602836342492
400,4.0,-0.00016901320815902905,-0.6684271155569909
401,4.01,-0.00017951678767451698,-0.569008364117446
402,4.02,-0.00019377562442398147,-0.42058711274748267
403,4.03,-0.00018644886329438268,-0.32711927134106106
404,4.04,-0.00018074403826397537,-0.18112458851119848
405,4.05,-0.00019991387965866657,-0.017848861558572637
406,4.06,-0.00017268358743563993,0.13400040509711522
407,4.07,-0.0001805562284037561,0.22283586953682152
408,4.08,-0.00018131543372068397,0.3161907786120305
409,4.09,-0.0001948236142558582,0.41392056000863303
410,4.1,-0.00018038908640020425,0.4651541097953603
411,4.11,-0.00018432316922772744,0.49717311223273086
412,4.12,-0.00017887505967490933,0.5127319024388804
413,4.13,-0.0001732550045987838,0.5280182197938743
414,4.14,-0.0001761173132545403,0.5148725913850187
415,4.15,-0.00016950078000943676,0.5147102599652988
416,4.16,-0.00016229426893350947,0.4956767117152133
417,4.17,-0.00016793349972428658,0.4818695955326242
418,4.18,-0.00016720184601793156,0.45518890995890743
419,4.19,-0.00017978282786014314,0.4476927564591216
420,4.2,-0.0001661905148784698,0.4277648165837663
421,4.21,-0.00017787862322107655,0.4171041479654584
422,4.22,-0.00017457648260867271,0.39446930425751664
423,4.23,-0.00019077593898251914,0.3841952370194661
424,4.24,-0.00019748782650782365,0.36062066643222246
425,4.25,-0.00018607791691858076,0.3349742878241669
426,4.26,-0.0001855569418132228,0.3039166149874203
427,4.27,-0.0001896969553802242,0.2905150205689479
428,4.28,-0.00018418869209609057,0.26786794645496054
429,4.29,-0.00020533201398155627,0.25520752410013403
430,4.3,-0.00020133626757139547,0.2463826948805429
431,4.31,-0.00020834939133288974,0.2445514070932071
432,4.32,-0.000190988164643505,0.23756529330840248
433,4.33,-0.0002086562480468849,0.23828155275343993
434,4.34,-0.00020008394503242752,0.23519573078851666
435,4.35,-0.00021685575515620163,0.2339248639425195
436,4.36,-0.00020088174750498497,0.22437354466050538
437,4.37,-0.0002019565817718283,0.21705781733304208
438,4.38,-0.00019999325530238934,0.2067608079973405
439,4.39,-0.00020562374761651236,0.2022324044118213
440,4.4,-0.00020783467519564468,0.19061517235084327
441,4.41,-0.00021025602940325482,0.17067876581888144
442,4.42,-0.00020597742004460455,0.14316262907062566
443,4.43,-0.00020834745558734671,0.12650670563437075
444,4.44,-0.00019592684540924513,0.09483923735125237
445,4.45,-0.00021807045989519734,0.058790626903934544
446,4.46,-0.0002007594768276954,0.024371383729240723
447,4.47,-0.00020197981454359026,-0.015581512246057602
448,4.48,-0.00019065048284423042,-0.03900210491609876
449,4.49,-0.00019759081982308885,-0.06910363171939539
450,4.5,-0.00019711303841606076,-0.10682440142468956
451,4.51,-0.00019914798209721453,-0.14018665072895142
452,4.52,-0.00017547070036532872,-0.16434916318144713
453,4.53,-0.00020634483759110998,-0.1873358768236728
454,4.54,-0.00017110929414394793,-0.2214412861362982
455,4.55,-0.00014261683524204906,-0.24546361389864038
456,4.56,-0.00012807913439168844,-0.264797157281992
457,4.57,-0.00015154695281452413,-0.2770862140518102
458,4.58,-0.00014620335385039616,-0.3010973392851466
459,4.59,-0.0001239505819653399,-0.3075639155379256
460,4.6,-0.00015010380013027493,-0.31711033025984653
461,4.61,-0.00019086518383199143,-0.32228191636155545
462,4.62,-0.00020668404236247676,-0.325311866588721
463,4.63,-0.0002205597013573441,-0.3258397753054157
464,4.64,-0.00021312868525521188,-0.33301482739749844
465,4.65,-0.00020876078127067717,-0.33471575687610133
466,4.66,-0.0002105974072495933,-0.3436456112799721
467,4.67,-0.0002038271906093011,-0.3455897670972467
468,4.68,-0.00021286014566329614,-0.34994980441521845
469,4.69,-0.0001916825283972065,-0.3451068509336597
470,4.7,-0.00022020195796787663,-0.34430236736597175
471,4.71,-0.000456328944169207,-0.33939087463423284
472,4.72,-0.0004757469222794516,-0.33888328390050465
473,4.73,0.0005113884302215266,-0.3423150343315381
474,4.74,0.0017118653980522126,-0.35120360732440814
475,4.75,0.0008424799954509614,-0.3604841605140877
476,4.76,-0.0002452960502442505,-0.3707176174042895
477,4.77,-0.0006824835579685197,-0.3777615769189643
478,4.78,-0.00038304234606798167,-0.39049642958871866
479,4.79,-0.00015873113729839537,-0.39531864275670703
480,4.8,-0.00017922428577881247,-0.40180558112591275
481,4.81,-0.00016545161662521318,-0.4036796054263194
482,4.82,-0.0001618659980009967,-0.41556857907525413
483,4.83,-0.00014987986300114657,-0.4260110777911032
484,4.84,-0.00016501261336209633,-0.436416213015962
485,4.85,-0.0001555636688269548,-0.4384470281719265
486,4.86,-0.0001524084868625361,-0.44518451783285706
487,4.87,-0.00013624203106492837,-0.44529966800038556
488,4.88,-0.00013606295206762022,-0.4500732234923584
489,4.89,-0.00013454965673115153,-0.4519833998855627
490,4.9,-0.00013312261540647866,-0.4623397886537735
491,4.91,-0.00013685130793833315,-0.46907892776648874
492,4.92,-9.80677001438026e-05,-0.47792443501831916
493,4.93,-8.359678031691353e-05,-0.47956006612253604
494,4.94,-7.460637816702684e-05,-0.4870119452938436
495,4.95,-4.170464594465892e-05,-0.4851941363155443
496,4.96,-2.438819899466295e-05,-0.4880454091468202
497,4.97,2.261642064263318e-05,-0.4805265579419438
498,4.98,4.84094697495701e-05,-0.47683213804371954
499,4.99,6.77905271715979e-05,-0.47072086451135814
500,5.0,8.324244363197043e-05,-0.4679868942619121
501,5.01,6.158910778331951e-05,-0.4578816298675141
502,5.02,5.6601274655999206e-05,-0.4423315643329864
503,5.03,2.2715998052591502e-05,-0.4204786371948981
504,5.04,-3.8687142654033474e-05,-0.3858283450743024
505,5.05,-7.193170376030601e-05,-0.31676031076246525
506,5.06,-0.00011782821573662165,-0.24213909508814038
507,5.07,-0.0001243105990244818,-0.11800628815202756
508,5.08,-0.00012607171525173128,-0.025494013823933123
509,5.09,-0.00013631573393981487,0.08643601815185578
510,5.1,-0.00014350781979155167,0.2647506021642654
511,5.11,-0.0001476920219552376,0.35790599722310634
512,5.12,-0.00015317985186696047,0.4890798243240709
513,5.13,-0.0001420443806340113,0.6285138208147073
514,5.14,-0.0001224529912701132,0.7266716553995425
515,5.15,-0.00013648197709889738,0.8103388149377008
516,5.16,-0.00012851573738485202,0.8484662211784628
517,5.17,-0.00013746026285840068,0.8727601214246284
518,5.18,-0.0001058155921227974,0.8920368614398935
519,5.19,-0.00012088272916359159,0.8965660732039246
520,5.2,-0.00011463813502619533,0.8894306209294334
521,5.21,-0.00012233175086978978,0.885226848166459
522,5.22,-9.928458348694089e-05,0.8748337070670323
523,5.23,-0.00011611462651315956,0.862216023685226
524,5.24,-0.0001075881754529738,0.8496504477182706
525,5.25,-9.985280498776145e-05,0.836775583000532
526,5.26,-0.00010274026356537659,0.8092497738568415
527,5.27,-0.00012192267172758155,0.7977422576431451
528,5.28,-0.00012162538059677132,0.7712640694841534
529,5.29,-0.00012320327819760092,0.7430167675883776
530,5.3,-0.0001178552660285638,0.7069417893032388
531,5.31,-0.0001350157477967833,0.6892892218288709
532,5.32,-0.00012990755907655617,0.6555929273015121
533,5.33,-0.00013982175524267053,0.62742427664056
534,5.34,-0.00014270532013626984,0.5941636802616708
535,5.35,-0.00014971872302275285,0.5748023025798956
536,5.36,-0.0001351041371967631,0.5491747546583416
537,5.37,-0.00013847728263368872,0.5238000921272247
538,5.38,-0.00015251012967500664,0.5022974727451943
539,5.39,-0.00014026223748325566,0.47751098294116573
540,5.4,-0.00014619649504069888,0.46029580063461917
541,5.41,-0.00014705676150427067,0.45112221009481784
542,5.42,-0.00014108598736450005,0.4315022932160361
543,5.43,-0.0001445365000846792,0.42165684514226576
544,5.44,-0.000151342840325459,0.4025658818465524
545,5.45,-0.0001547011887760054,0.3775053167873709
546,5.46,-0.0001332142536340196,0.34987638819738764
547,5.47,-0.0001535159240409166,0.3197142413573889
548,5.48,-0.000141589427574031,0.29765812213792286
549,5.49,-0.00014660146284686468,0.27781067754871097
550,5.5,-0.00015585239598468227,0.2412228597488059
551,5.51,-0.00014251638894825606,0.2237483416335041
552,5.52,-0.0001339827638402822,0.19710283966581266
553,5.53,-0.0001581502970402094,0.16283310698591794
554,5.54,-0.00013989668055140562,0.1273311860860249
555,5.55,-0.0001423386958961121,0.08637976863807267
556,5.56,-0.00013908933836689376,0.055639490005261596
557,5.57,-0.0001473371347145494,0.024878180557557666
558,5.58,-0.00013580493658122555,-0.024786081677115157
559,5.59,-0.00013002295445933496,-0.04530625167953475
560,5.6,-0.000146663546519845,-0.07524787955150072
561,5.61,-0.00011726822173875433,-0.10968709140093433
562,5.62,-6.0653561087840174e-05,-0.13785211021360794
563,5.63,-9.007195388791196e-05,-0.15676693497949817
564,5.64,-6.62402202200544e-05,-0.17116185277729742
565,5.65,-9.906041131006564e-05,-0.179522311634529
566,5.66,-6.099682007575623e-05,-0.19848984891373103
567,5.67,-8.879661353611464e-05,-0.20416796931996548
568,5.68,-0.00011745791314234436,-0.21372175290828602
569,5.69,-0.00017227552486120436,-0.21849515491560048
570,5.7,-0.0001372316407927815,-0.22551511462974944
571,5.71,-0.00016159455398914203,-0.230169420151558
572,5.72,-0.00013804701484386103,-0.2358046382304296
573,5.73,-0.00016444457263097532,-0.24116185455018907
574,5.74,-0.0001320255003830935,-0.25169951901056764
575,5.75,-0.00013856572799456936,-0.26011341468056276
576,5.76,-0.00011008203537070556,-0.2710914601218202
577,5.77,-0.00019102520143037156,-0.2796382356533731
578,5.78,-0.000437594099265989,-0.29807967707813027
579,5.79,-0.0003229123280314404,-0.3071512022924187
580,5.8,0.0009101868461521938,-0.31579505939732977
581,5.81,0.001743249982351567,-0.31768595609184996
582,5.82,0.0006738804901587521,-0.32160546759216374
583,5.83,-0.0002610512760818657,-0.31396487747985147
584,5.84,-0.0005943613692459288,-0.3161370891838796
585,5.85,-0.00020329503514823072,-0.30958039611629906
586,5.86,-7.64028519378724e-05,-0.3140275326670283
587,5.87,-6.90569379983557e-05,-0.31392675702841255
588,5.88,-9.120082652239354e-05,-0.3196552610628842
589,5.89,-6.781477088701159e-05,-0.317639071768997
590,5.9,-8.635799960915458e-05,-0.3287241997004085
591,5.91,-6.214654064353939e-05,-0.3315015256436187
592,5.92,-7.484235657298673e-05,-0.33679806958897607
593,5.93,-6.133310578092417e-05,-0.3348745477143388
594,5.94,-7.760407351789511e-05,-0.3460689664042637
595,5.95,-5.989319847512185e-05,-0.3481808245220384
596,5.96,-6.298347346427209e-05,-0.3627764685832789
597,5.97,-4.1967073424584514e-05,-0.3677657440027748
598,5.98,-4.464091668930463e-05,-0.3827796252004299
599,5.99,-2.6094952535212976e-05,-0.3860243603441611
600,6.0,-9.984069336979942e-06,-0.39427478387264264
601,6.01,2.1229221962855427e-05,-0.39667788213212507
602,6.02,3.530841656109937e-05,-0.40476297828597796
603,6.03,7.432836687097481e-05,-0.40188064217561137
604,6.04,0.00010382722821310024,-0.41274116619456475
605,6.05,0.00013213355669175128,-0.40557368045510456
606,6.06,0.00014290278019773485,-0.408576798967553
607,6.07,0.0001599443892774735,-0.39778097382935274
608,6.08,0.00016656830339488102,-0.4002815864240263
609,6.09,0.00013447338959664094,-0.3859499446163059
610,6.1,7.18487199894563e-05,-0.37723573488992945
611,6.11,3.565368323257302e-05,-0.3246080792326001
612,6.12,-1.1243357219737488e-05,-0.29172581872173386
613,6.13,-3.337960557335887e-05,-0.2135652303756882
614,6.14,-5.73219592967765e-05,-0.10875171001522994
615,6.15,-4.831255673858059e-05,0.04283447695995123
616,6.16,-6.881396314627197e-05,0.14493677437893374
617,6.17,-4.8963814713269896e-05,0.27156898290329995
618,6.18,-7.065642916382828e-05,0.43541263307765904
619,6.19,-7.365561958233395e-05,0.5789498031964263
620,6.2,-6.121946332706199e-05,0.6712449547934662
621,6.21,-5.322082513770782e-05,0.7464173201722043
622,6.22,-4.7003807501579814e-05,0.8395051769659277
623,6.23,-5.9192870666649466e-05,0.8895160710662492
624,6.24,-5.4254956578096356e-05,0.928868503316915
625,6.25,-4.28842119878977e-05,0.9375929854531768
626,6.26,-4.732648032319993e-05,0.9535095209949046
627,6.27,-5.1356140920486015e-05,0.9406850381129809
628,6.28,-3.766295230012845e-05,0.9395725583151037
629,6.29,-3.531529478274613e-05,0.9200135611589411
630,6.3,-4.434834836544721e-05,0.8932073930408434
631,6.31,-5.548954109363055e-05,0.868878408774643
632,6.32,-4.171534378522197e-05,0.8446894889251785
633,6.33,-4.912860524834001e-05,0.8080291199519409
634,6.34,-4.698495838324768e-05,0.7796768545942614
635,6.35,-5.070440071062825e-05,0.7543135722057839
636,6.36,-5.2123878802792095e-05,0.7287094925313166
637,6.37,-6.377259855526625e-05,0.6868161770581857
638,6.38,-6.456520060008769e-05,0.6612093094680205
639,6.39,-6.366571560812925e-05,0.6229614881100569
640,6.4,-7.625255079829821e-05,0.6084355010937686
641,6.41,-7.369043766254808e-05,0.5777185158229681
642,6.42,-7.006409918092378e-05,0.5531479882423236
643,6.43,-7.885498224311296e-05,0.5215338570863792
644,6.44,-7.489757772942592e-05,0.5032176621322954
645,6.45,-7.170778238101833e-05,0.4853937622705995
646,6.46,-7.40435169835612e-05,0.46815346513338285
647,6.47,-7.359817410423561e-05,0.4495541004738928
648,6.48,-5.139178791698992e-05,0.4419096912338589
649,6.49,-8.438689645339122e-05,0.4277067535586331
650,6.5,-8.383132644532339e-05,0.4146511531881618
651,6.51,-8.136236580437266e-05,0.38889251415911963
652,6.52,-7.509964960752957e-05,0.3723304142253731
653,6.53,-7.63847369787251e-05,0.3401792282996504
654,6.54,-7.61983716542694e-05,0.30159502696218676
655,6.55,-7.59073456058617e-05,0.25732401102702085
656,6.56,-7.804724401967375e-05,0.2298587784800927
657,6.57,-8.687852923245504e-05,0.20157175808442454
658,6.58,-7.211839603251877e-05,0.16991883540822889
659,6.59,-7.684674543498651e-05,0.13999834126454289
660,6.6,-7.537072661587506e-05,0.11934515575123122
661,6.61,-6.552577375707955e-05,0.09431862596052326
662,6.62,-7.548693816621967e-05,0.05822645618258264
663,6.63,-7.592925450944886e-05,0.016862912041778665
664,6.64,-3.3809818303587313e-05,-0.012378611456244668
665,6.65,-7.676332009454515e-06,-0.04800287032950454
666,6.66,-1.9518772575768603e-05,-0.10085225739150334
667,6.67,-3.9748583415372477e-05,-0.15166868370376732
668,6.68,-2.2651908904255946e-05,-0.18539669692521032
669,6.69,-2.0184470635875237e-05,-0.2154434932324174
670,6.7,-4.319043056247307e-05,-0.2580835529177917
671,6.71,-9.558151774133848e-05,-0.2916958971003714
672,6.72,-9.716630480418979e-05,-0.3165084758139443
673,6.73,-0.00010103956556083496,-0.3273146831740899
674,6.74,-0.00010038044115273127,-0.3454970155702922
675,6.75,-0.00010486421774430835,-0.3606768853100698
676,6.76,-9.751367012721807e-05,-0.3785348115771639
677,6.77,-9.096380666584296e-05,-0.39132041474642465
678,6.78,-7.94691048005506e-05,-0.4154437746160025
679,6.79,-0.00012847376871296182,-0.432307530098348
680,6.8,-0.0004156666312071632,-0.44695314205527065
681,6.81,-0.0003538984620830559,-0.45859280247029255
682,6.82,0.0007999948770877376,-0.47361682376067277
683,6.83,0.0017818425656153103,-0.4800912645445564
684,6.84,0.0006300129150037977,-0.4923322854742455
685,6.85,-0.00019941969934600227,-0.49773654871519507
686,6.86,-0.0005374694394864807,-0.5132801170013618
687,6.87,-0.00033672574074501346,-0.5217916740138728
688,6.88,-7.68718034394756e-05,-0.5336109166163079
689,6.89,-7.295070633023433e-05,-0.5347069699254727
690,6.9,-7.150127617742454e-05,-0.5374699432263608
691,6.91,-7.486728046210075e-05,-0.5259671660714741
692,6.92,-6.479056569630957e-05,-0.5265823965852466
693,6.93,-8.911193727111598e-05,-0.5220157697197674
694,6.94,-8.059391619827383e-05,-0.5318857060536107
695,6.95,-6.226920466020393e-05,-0.5350325440736331
696,6.96,-6.162151833527182e-05,-0.551530820533606
697,6.97,-6.061573794006493e-05,-0.5699819029158707
698,6.98,-5.2082044867568164e-05,-0.5978111685061739
699,6.99,-4.924725174629968e-05,-0.6088143090889535
700,7.0,-4.436150799806693e-05,-0.6263432590154572
701,7.01,-3.0505673717935722e-05,-0.6351782260257335
702,7.02,-2.3953675365706237e-05,-0.6415880469133773
703,7.03,-1.69712049351272e-05,-0.6410039819310392
704,7.04,1.4741616508306618e-05,-0.6460026634064412
705,7.05,2.665904607129961e-05,-0.6416962264811491
706,7.06,5.7235578917963145e-05,-0.64380380846285
707,7.07,7.106555777873329e-05,-0.6483017337445666
708,7.08,8.781030906752918e-05,-0.6572746424493102
709,7.09,0.0001039700747636537,-0.6657709363446247
710,7.1,0.00010314364518993965,-0.6833686227789072
711,7.11,8.866949394740857e-05,-0.6854557484537444
712,7.12,5.983191275718211e-05,-0.6882933336392975
713,7.13,2.2629788954599273e-05,-0.6709310746837149
714,7.14,-1.1742994009210361e-05,-0.6429543382364061
715,7.15,-5.5091086927748154e-05,-0.5775885468383364
716,7.16,-4.851490310096157e-05,-0.5241146019709985
717,7.17,-7.834041099584466e-05,-0.44418844820823217
718,7.18,-7.097887357054682e-05,-0.30855498968652617
719,7.19,-7.839864872273561e-05,-0.22942084234355148
720,7.2,-8.304279109143907e-05,-0.10263341140838689
721,7.21,-7.894437914239723e-05,0.042046131309731886
722,7.22,-6.31711258091798e-05,0.16281299069983562
723,7.23,-9.195119938236289e-05,0.28541710560604977
724,7.24,-6.909692338264578e-05,0.35011852584726705
725,7.25,-6.814479202781748e-05,0.4051526884105586
726,7.26,-6.814140170475005e-05,0.4668939176254987
727,7.27,-6.617252499809684e-05,0.4899821822154035
728,7.28,-5.666531566136945e-05,0.5124196356946874
729,7.29,-7.379931514801298e-05,0.5245899090917061
730,7.3,-5.305079454320967e-05,0.5156566236479978
731,7.31,-6.34539992067102e-05,0.5081034510421168
732,7.32,-6.736106109129711e-05,0.48488667134888913
733,7.33,-7.157132775024999e-05,0.4591018123121974
734,7.34,-5.4093976698282864e-05,0.4213617601517208
735,7.35,-6.812702880838913e-05,0.39747484149832335
736,7.36,-6.137570539214467e-05,0.36461911886568715
737,7.37,-6.587508304177828e-05,0.32699934014821547
738,7.38,-6.515911238734289e-05,0.29389531447109474
739,7.39,-6.740178812647893e-05,0.24974620434638206
740,7.4,-8.24917883542435e-05,0.21804852174883652
741,7.41,-6.547640985019552e-05,0.18633322217487736
742,7.42,-7.34027706544016e-05,0.1376845666980962
743,7.43,-9.09602518952262e-05,0.11596449080958708
744,7.44,-8.120563785621489e-05,0.08077947423777594
745,7.45,-7.436018323302325e-05,0.04956411445495903
746,7.46,-6.71055787726544e-05,0.028767738229729653
747,7.47,-7.138178698287874e-05,0.013286646204332894
748,7.48,-8.11250813858369e-05,0.0018298489813199353
749,7.49,-7.837932791694008e-05,-0.003054094327293676
750,7.5,-7.196868171218535e-05,-0.014330728282588525
751,7.51,-7.855567197323325e-05,-0.01814977523584572
752,7.52,-6.091365514506418e-05,-0.027095795443487218
753,7.53,-8.18394250709873e-05,-0.03522950377348906
754,7.54,-6.898144467219584e-05,-0.0439558739897532
755,7.55,-7.737224824828394e-05,-0.05498832033754783
756,7.56,-7.922820079326286e-05,-0.06759260449096026
757,7.57,-5.5272762859851984e-05,-0.08073831158238039
758,7.58,-2.142928586307269e-05,-0.10939921981357709
759,7.59,-2.6652136734958698e-05,-0.12479428911407113
760,7.6,-3.0224199457971543e-05,-0.1609211073340603
761,7.61,-1.6713974348648436e-05,-0.19832431778375656
762,7.62,-1.0300554887739469e-05,-0.23579282898711718
763,7.63,-4.422788562663017e-05,-0.27195866129759927
764,7.64,-7.303702391765754e-05,-0.29549313213772993
765,7.65,-0.00011590463864404738,-0.3131881923406806
766,7.66,-8.888410806470563e-05,-0.34626350928594835
767,7.67,-0.0001017028009760914,-0.3626411134444797
768,7.68,-7.593634764396437e-05,-0.3923128063112385
769,7.69,-0.00010607293063646765,-0.4250508283969492
770,7.7,-5.904210200663798e-05,-0.4534684020774833
771,7.71,-9.16787507005308e-05,-0.4854646086254264
772,7.72,-7.318555733947137e-05,-0.5089266613711515
773,7.73,-0.0003311625908450182,-0.5352260475968826
774,7.74,-0.0004162151963981193,-0.5683650966674132
775,7.75,0.0004407056223574169,-0.5887555057434206
776,7.76,0.0017759467352816381,-0.6062573409359807
777,7.77,0.0009197007644721755,-0.6138656108349123
778,7.78,-8.52877612237471e-05,-0.6328188520838832
779,7.79,-0.0004568439704231049,-0.6415957938947845
780,7.8,-0.0004476012923647233,-0.650350541554424
781,7.81,-8.281694391079099e-05,-0.6520918518787013
782,7.82,-6.372848254633176e-05,-0.6604639759812103
783,7.83,-4.874031698664204e-05,-0.666394484779468
784,7.84,-5.142056383362556e-05,-0.6785688793564368
785,7.85,-4.200761967550204e-05,-0.6816592850837393
786,7.86,-4.617606683842909e-05,-0.6910394106298838
787,7.87,-3.395676225185357e-05,-0.6892424148347011
788,7.88,-3.357291778051212e-05,-0.6958019122909516
789,7.89,-2.6197889023667556e-05,-0.6937184177892788
790,7.9,-3.201163609594347e-05,-0.700922868685021
791,7.91,-9.152702672113322e-06,-0.7007538969032737
792,7.92,-2.1062947093680034e-05,-0.7101762612922936
793,7.93,-7.450839738984069e-06,-0.7114148905260428
794,7.94,-1.971877683252382e-06,-0.7285559391099444
795,7.95,2.7833103882185517e-05,-0.7303903540167137
796,7.96,1.0944601898623535e-05,-0.7461977845407036
797,7.97,5.91381263993513e-05,-0.7500909897863302
798,7.98,7.492023313154794e-05,-0.7644444575429241
799,7.99,0.00010497672956072748,-0.7643034202233139
800,8.0,0.00011478819989402082,-0.7779909325870819
801,8.01,0.00013904439897128099,-0.7803669814221899
802,8.02,0.0001418512478020776,-0.7980232508443353
803,8.03,0.00013435112135417628,-0.7980948742002661
804,8.04,0.00011487101560952659,-0.8068664024279867
805,8.05,9.741301420618763e-05,-0.7954678600140306
806,8.06,5.4842210936330293e-05,-0.7889796235454372
807,8.07,1.8499301126158677e-05,-0.7421973116496183
808,8.08,-2.29263661149174e-05,-0.7165149582322083
809,8.09,-1.5070250872382604e-05,-0.6509335664995997
810,8.1,-3.511273472986756e-05,-0.5690835288666259
811,8.11,-4.1855714168240535e-05,-0.43807102354168054
812,8.12,-4.9994895648440216e-05,-0.3490871903021577
813,8.13,-4.5606994932768236e-05,-0.23214179365419138
814,8.14,-4.841325267684014e-05,-0.08119436028970657
815,8.15,-4.0879697213372715e-05,0.06773635927168918
816,8.16,-3.821048513723106e-05,0.1684982179449275
817,8.17,-3.414959266626917e-05,0.2547587178258809
818,8.18,-2.8821807818345258e-05,0.36576942605126217
819,8.19,-4.056756869871489e-05,0.42797340150836843
820,8.2,-2.4613399964299246e-05,0.47029250008802886
821,8.21,-2.941841569479263e-05,0.4788040601091271
822,8.22,-2.2515340036742548e-05,0.4970321107817023
823,8.23,-2.058807604153612e-05,0.4834897093774725
824,8.24,-2.5034590224810166e-05,0.4766573726592774
825,8.25,-2.772750714770053e-05,0.45543624987764847
826,8.26,-3.704671931162133e-05,0.433766563956813
827,8.27,-2.5804457113330626e-05,0.42064989427426824
828,8.28,-2.8280532312163417e-05,0.4062438462865568
829,8.29,-2.5213939336642816e-05,0.38562501905134755
830,8.3,-2.981269215898523e-05,0.36139061098382963
831,8.31,-3.609406105588818e-05,0.34353564376931556
832,8.32,-4.731476055593216e-05,0.32471598402597174
833,8.33,-4.131292605178208e-05,0.29970057572273995
834,8.34,-4.110352497912334e-05,0.2754130690005642
835,8.35,-5.8953527401815406e-05,0.25684037211053806
836,8.36,-4.220819000457128e-05,0.23574066336442176
837,8.37,-4.3301031577482746e-05,0.2139351911801169
838,8.38,-4.822010372862798e-05,0.20101133480473513
839,8.39,-4.4666639028670754e-05,0.18909414870308763
840,8.4,-4.8519296647724086e-05,0.19077250928942574
841,8.41,-4.256814318120451e-05,0.19482421836662697
842,8.42,-4.9961900777705306e-05,0.21179494006649358
843,8.43,-5.121430369239323e-05,0.22820138365897533
844,8.44,-4.413306776957816e-05,0.2432042599830978
845,8.45,-3.318187069169601e-05,0.24643551893595206
846,8.46,-4.991809044422105e-05,0.2578039326766141
847,8.47,-4.496828001987821e-05,0.25571799409104545
848,8.48,-4.7053141095886736e-05,0.25602981717260337
849,8.49,-3.5351961833582704e-05,0.24880617272900804
850,8.5,-4.364562868053312e-05,0.24241469734991028
851,8.51,-4.6274612543468e-05,0.22517745316705004
852,8.52,-2.4767999468825602e-06,0.2178830745327277
853,8.53,2.267361598217235e-05,0.1964984903189772
854,8.54,2.3455020134897572e-05,0.1720845220300631
855,8.55,1.3125970529243025e-08,0.13720792619390637
856,8.56,7.459966923226841e-06,0.11678531482031561
857,8.57,2.1991011157473234e-05,0.08487349423122804
858,8.58,-1.7571253028370037e-05,0.05207405372188625
859,8.59,-4.202561919275545e-05,0.02523486786063256
860,8.6,-7.57251494388541e-05,0.009364173019469678
861,8.61,-7.216238339574112e-05,-0.009269145923508039
862,8.62,-5.942280450624629e-05,-0.03279427058658179
863,8.63,-6.981282770497643e-05,-0.05825245295906758
864,8.64,-6.73219366330944e-05,-0.07766332559506715
865,8.65,-4.5360850508192885e-05,-0.09694261441507188
866,8.66,-4.895982172502429e-05,-0.12724703369977924
867,8.67,-7.500292142635645e-05,-0.15367811891848793
868,8.68,-0.00033710521676585947,-0.17054685696885882
869,8.69,-0.0003113326897916033,-0.18102975318264097
870,8.7,0.0007636068707550375,-0.19168680524518647
871,8.71,0.0018914684328239402,-0.1965271518906173
872,8.72,0.0009288471628763478,-0.2054269337100988
873,8.73,-0.0001572383671309338,-0.20717076217660432
874,8.74,-0.0005175412813924682,-0.21906535303686714
875,8.75,-0.00020907225322839076,-0.22861474896702877
876,8.76,-2.1457372665215427e-05,-0.23568040684686287
877,8.77,-1.8332248147181e-05,-0.2438055383859766
878,8.78,-1.4180353639182963e-05,-0.255663991640815
879,8.79,-2.38938468087712e-05,-0.26120168116432557
880,8.8,-4.545168025865687e-06,-0.26705438328027564
881,8.81,-2.0829463624957856e-05,-0.2670597418558102
882,8.82,-1.091804605517395e-05,-0.2756396634738522
883,8.83,-2.0213768869965787e-05,-0.28234633502075784
884,8.84,-3.703380145025567e-06,-0.28733785449184707
885,8.85,-1.0883807611064555e-06,-0.2883058995703835
886,8.86,9.343565603820922e-06,-0.2926231200155328
887,8.87,-8.41130072451457e-06,-0.2942250015376989
888,8.88,3.005416924410295e-06,-0.29787161836436504
889,8.89,1.7078619701087552e-05,-0.29585269944375686
890,8.9,3.9034331069998096e-05,-0.3011170699012423
891,8.91,5.666196413955937e-05,-0.30524181327620786
892,8.92,7.911054341987189e-05,-0.3075317517588782
893,8.93,0.0001080766779491954,-0.31883038394311053
894,8.94,0.00013805515990487904,-0.33370461041763166
895,8.95,0.00016771887606657938,-0.3390159271985088
896,8.96,0.00017391800078826736,-0.34443748461108165
897,8.97,0.0001832658690733742,-0.3481110657431114
898,8.98,0.0001823640674120785,-0.3454136333000668
899,8.99,0.0001571758232499776,-0.339653041473674
900,9.0,0.0001306746334164919,-0.32351359388344697
901,9.01,8.443521128700081e-05,-0.29276512875027333
902,9.02,4.395845876714946e-05,-0.24116177906603617
903,9.03,3.0857665622462116e-05,-0.19781286240628188
904,9.04,8.744566369881315e-06,-0.12267874312246162
905,9.05,-1.3604769010576098e-05,-0.002348698420715
906,9.06,-5.8773125016595845e-06,0.12359787744712779
907,9.07,-1.6541731794090728e-05,0.2867999795145671
908,9.08,-5.1453822713324465e-06,0.39188009764221093
909,9.09,-1.80183998637843e-05,0.5045535525961428
910,9.1,4.193119995856559e-06,0.6572463028327369
911,9.11,-8.57880718215312e-06,0.7232288835348701
912,9.12,-1.1394226795788387e-05,0.8159838370766951
913,9.13,-2.241792265324574e-06,0.8992381058357011
914,9.14,-5.507607878787318e-06,0.9512662417398419
915,9.15,2.5230354668923788e-06,0.9843909328898801
916,9.16,1.735403366636898e-05,0.9960717067297201
917,9.17,1.8415676239971063e-06,1.0
918,9.18,1.3497770745378446e-05,0.9889414614989059
919,9.19,-1.3751170997080425e-06,0.9744846088458369
920,9.2,3.7223213698086427e-06,0.9464960334506378
921,9.21,-5.393304751584449e-07,0.9051070429315717
922,9.22,1.971377271052857e-06,0.8669175053085153
923,9.23,4.3525150343389635e-06,0.8233078244327618
924,9.24,-3.1543361540525144e-06,0.7941490107997734
925,9.25,-7.891495030961856e-06,0.7642164942339936
926,9.26,-1.2583218121820991e-05,0.720763822002741
927,9.27,-8.994012534209797e-06,0.7034530476626494
928,9.28,-2.5634214408864e-05,0.6720616149840283
929,9.29,-2.9583727238595425e-05,0.6448443823795511
930,9.3,-1.269396292784622e-05,0.609262145277349
931,9.31,-3.698743651176124e-05,0.5880176057303272
932,9.32,-2.2620038532341485e-05,0.5596995643626638
933,9.33,-3.779280740925407e-05,0.5363824863677656
934,9.34,-2.7798546481430306e-05,0.5188295812548493
935,9.35,-3.516918332057903e-05,0.5070649924239388
936,9.36,-3.675024587040769e-05,0.49578873283993374
937,9.37,-2.6473970804269387e-05,0.48614033784846333
938,9.38,-3.261176227923289e-05,0.485399436935914
939,9.39,-3.2478906357614676e-05,0.4765546358203692
940,9.4,-3.760748285332009e-05,0.46815024392560034
941,9.41,-2.698532994813846e-05,0.4547526315733129
942,9.42,-2.0160897384538176e-05,0.43350858349006993
943,9.43,-3.180303506444132e-05,0.4202454357093028
944,9.44,-1.7294595423456363e-05,0.3970537718055822
945,9.45,6.976992769794008e-06,0.36455097383652363
946,9.46,4.1318203626346944e-05,0.33434819210532674
947,9.47,3.263646886511075e-05,0.3013682802941511
948,9.48,2.929755689493746e-05,0.28112607955588526
949,9.49,8.163255957236576e-06,0.2596591064030563
950,9.5,3.8211515414620506e-05,0.22289798453448226
951,9.51,1.3159071117502946e-05,0.20107420644391472
952,9.52,-3.0399392501058095e-05,0.1680817137169748
953,9.53,-5.7089295067168366e-05,0.12270383567557153
954,9.54,-4.658712751176054e-05,0.08569950112570653
955,9.55,-6.178357590644161e-05,0.0464886492396222
956,9.56,-3.362011850524711e-05,0.022489121928093166
957,9.57,-6.159981852060618e-05,0.0003566624977409724
958,9.58,-1.8173637155052477e-05,-0.02847907492858293
959,9.59,-6.404532037562229e-05,-0.040846305836204314
960,9.6,-1.1048676025892865e-05,-0.05603241970218833
961,9.61,-0.00022408041886126488,-0.07957555862832534
962,9.62,-0.0003453240323795185,-0.10110560203424267
963,9.63,0.0002790052515472888,-0.1276468145499064
964,9.64,0.0016840659527431086,-0.14648546066962093
965,9.65,0.001374388982141997,-0.16370557199424224
966,9.66,0.00015874834356266812,-0.1866027836396904
967,9.67,-0.00044539838370044604,-0.1948057041497748
968,9.68,-0.00031177993589849747,-0.20581974462809627
969,9.69,1.7704617314125495e-05,-0.2124687985287515
970,9.7,-7.420372040911269e-06,-0.21795372045657455
971,9.71,2.7232121141120003e-05,-0.22300162213030741
972,9.72,-9.731523142618437e-06,-0.22426840101227213
973,9.73,3.333528044408354e-05,-0.22947303371199138
974,9.74,8.100259924016806e-06,-0.23675700470389666
975,9.75,3.327947621360565e-05,-0.24556397800693194
976,9.76,1.5531858134215648e-06,-0.24804272737794023
977,9.77,1.4468990839695134e-05,-0.25687320281463777
978,9.78,1.4720484664155348e-05,-0.2590276600777334
979,9.79,3.1654409982997955e-05,-0.2603103334296134
980,9.8,3.182904935573015e-05,-0.2624747935407077
981,9.81,4.382165312839456e-05,-0.2672430024571511
982,9.82,3.3617440798668075e-05,-0.27618898465332486
983,9.83,7.619134913246749e-05,-0.2897974433666876
984,9.84,8.240920779078835e-05,-0.29671855248549156
985,9.85,0.00011128933100702613,-0.3072497728149204
986,9.86,0.00011251949361253469,-0.31460073972039215
987,9.87,0.00018130761647835135,-0.3208378563066867
988,9.88,0.00017439517452828499,-0.32435077586715905
989,9.89,0.00022541958235456835,-0.3274694982110901
990,9.9,0.00021113829360228445,-0.327649745146125
991,9.91,0.00023524030272145321,-0.3276552060714346
992,9.92,0.00020028973489262698,-0.32273787048667196
993,9.93,0.0001764444032435631,-0.3224273832845352
994,9.94,0.00012001609625561863,-0.3006680362054766
995,9.95,8.782738600384386e-05,-0.286501013326773
996,9.96,6.455371814042925e-05,-0.23884005523131083
997,9.97,4.2090663420193616e-05,-0.17068800811867602
998,9.98,2.889696500335548e-05,-0.05607937966523685
999,9.99,3.4315313138907205e-05,0.018209881263323017
1000,10.0,2.3761948119999793e-05,0.14831336767058462
1001,10.01,2.936858701665067e-05,0.30370754254490595
1002,10.02,2.3070977001394752e-05,0.4583418753617461
1003,10.03,3.0291352325607923e-05,0.5485886987860673
1004,10.04,3.501349525361283e-05,0.6569743213084663
1005,10.05,2.808263806520009e-05,0.775802389136006
1006,10.06,2.861962561604911e-05,0.8524128855284838
1007,10.07,5.958000541052971e-05,0.922294030640842
1008,10.08,4.072912807234069e-05,0.9514266718411893
1009,10.09,3.8907082683250355e-05,0.9716681740913444
1010,10.1,4.2249062812712776e-05,0.9839513940863536
1011,10.11,5.4508664943492616e-05,0.9733225049062587
1012,10.12,4.7099559941267063e-05,0.9566288622159344
1013,10.13,5.6952810201646095e-05,0.933091204632079
1014,10.14,4.187160474179025e-05,0.894600256768525
1015,10.15,6.146375130871261e-05,0.857258654494056
1016,10.16,5.016904917483703e-05,0.8274726885110165
1017,10.17,5.070144604049642e-05,0.8021860303809789
1018,10.18,4.899385952318418e-05,0.7565503011479049
1019,10.19,4.8316987692054517e-05,0.7371902179613028
1020,10.2,2.8125832839759335e-05,0.7008946100196717
1021,10.21,3.728834271247462e-05,0.6613240618355888
1022,10.22,3.729902358121269e-05,0.6207351856449799
1023,10.23,3.306067055024696e-05,0.5815407363893886
1024,10.24,1.8955579363032563e-05,0.556376221074649
1025,10.25,3.409496402581938e-05,0.5353274244033677
1026,10.26,3.0553490246205614e-05,0.5045855411991049
1027,10.27,3.469830424387456e-05,0.4832122528796423
1028,10.28,2.125419342543372e-05,0.4665637310413183
1029,10.29,1.9050503401280353e-05,0.45353687791525443
1030,10.3,1.609545364643361e-05,0.42854897694977206
1031,10.31,2.3643327328846594e-05,0.41803061172881034
1032,10.32,2.228079822324397e-05,0.3924716756913533
1033,10.33,2.1962861343918436e-05,0.3643124115357589
1034,10.34,1.9985677055491674e-05,0.335768479616649
1035,10.35,4.6986308918858105e-05,0.3054352308193822
1036,10.36,3.622062004271509e-05,0.28441477552789135
1037,10.37,3.805463625362014e-05,0.25998493250066296
1038,10.38,6.758308342121565e-05,0.22750586944240855
1039,10.39,9.850903049903742e-05,0.19956166706940118
1040,10.4,0.00010745189095502823,0.17655440383206739
1041,10.41,9.868147375751216e-05,0.15652145894325697
1042,10.42,7.790356818114692e-05,0.12193795487463716
1043,10.43,0.00010647346093270622,0.09156160330025968
1044,10.44,6.871584130389852e-05,0.06555319937231772
1045,10.45,2.7012377078741365e-05,0.044386491308662145
1046,10.46,-8.141360196377637e-06,0.008182197134623224
1047,10.47,1.0685770547091272e-05,-0.012457023828987453
1048,10.48,-2.7654503815584958e-06,-0.031144350925478383
1049,10.49,4.0061066725178424e-05,-0.04160992182593808
1050,10.5,1.093528166451474e-05,-0.07285606374277653
1051,10.51,4.007352553092418e-05,-0.08554172952722779
1052,10.52,4.914491223483725e-06,-0.12133039283431687
1053,10.53,5.410399673263025e-05,-0.15329515544962924
1054,10.54,-0.00017998885603304898,-0.18946373173976075
1055,10.55,-0.0003029499759302709,-0.21139289345869336
1056,10.56,0.00033675353067128336,-0.2223992244319058
1057,10.57,0.001742824855772332,-0.22715412838411816
1058,10.58,0.0013809930668061826,-0.23697418565120587
1059,10.59,0.00021624544882597498,-0.23860160850307494
1060,10.6,-0.00038836024332652985,-0.24316815781736878
1061,10.61,-0.0002727011909650582,-0.24490265508463896
1062,10.62,7.161340100106384e-05,-0.2589547582873955
1063,10.63,4.4729884785998236e-05,-0.27132670411868903
1064,10.64,5.826761348957411e-05,-0.2809562841936956
1065,10.65,4.90882840410798e-05,-0.2860699431502974
1066,10.66,7.888461281866689e-05,-0.29347989320187506
1067,10.67,5.3352283008673354e-05,-0.2946122564082906
1068,10.68,6.457102570260609e-05,-0.30242761466021867
1069,10.69,6.158481869652892e-05,-0.3007107643707099
1070,10.7,8.00257397282917e-05,-0.3110708444231916
1071,10.71,6.583824648933971e-05,-0.31497227743399814
1072,10.72,7.593698593350365e-05,-0.3186025451721932
1073,10.73,8.234973020507762e-05,-0.3191629539329155
1074,10.74,9.08467225987121e-05,-0.32218872766997403
1075,10.75,9.880369116970454e-05,-0.32103603837506806
1076,10.76,0.00011353340136922678,-0.3260571056931822
1077,10.77,0.0001226957971986256,-0.32298526484352585
1078,10.78,0.0001595526273002936,-0.33020905738873135
1079,10.79,0.00017131506018915228,-0.34214462886469815
1080,10.8,0.00020040749709659272,-0.35800131488855624
1081,10.81,0.0002310078204341027,-0.36322826770305017
1082,10.82,0.00026080981738801565,-0.37896376151518607
1083,10.83,0.0002556576012065024,-0.3880509317166971
1084,10.84,0.0002466623067772355,-0.40386541918495283
1085,10.85,0.00023220102851924558,-0.401862820812054
1086,10.86,0.00021236744790115863,-0.41249589196012604
1087,10.87,0.0001668225902351269,-0.3939058518195861
1088,10.88,0.0001291310970002145,-0.3808108882885337
1089,10.89,0.00010891528853575368,-0.3349881663733991
1090,10.9,8.313733994013035e-05,-0.26793968450156064
1091,10.91,7.452509728422124e-05,-0.15747978338833984
1092,10.92,7.283808023409236e-05,-0.0687124642062608
1093,10.93,7.456242583682264e-05,0.03524754803101528
1094,10.94,6.0338363470273035e-05,0.20237100059881624
1095,10.95,7.338140044228433e-05,0.28189631178178226
1096,10.96,7.310116756867498e-05,0.4027152028768503
1097,10.97,7.184208099774575e-05,0.5197000063041219
1098,10.98,7.8744756760174e-05,0.6185125912961803
1099,10.99,7.849671865152973e-05,0.6690685614775247
1100,11.0,8.391448404792765e-05,0.7171444161790698
1101,11.01,9.537992038165938e-05,0.7586041424222916
1102,11.02,0.00010578166226935318,0.7748027717601085
1103,11.03,9.94928389506794e-05,0.7845527563762452
1104,11.04,9.916338466366657e-05,0.7777239011780505
1105,11.05,9.326579115246508e-05,0.7661851540984406
1106,11.06,9.15336217963969e-05,0.737464756366692
1107,11.07,8.959876074790714e-05,0.7011992270454525
1108,11.08,8.540360790178225e-05,0.6680033091453986
1109,11.09,9.262655619341094e-05,0.6397970083950052
1110,11.1,9.64820506453648e-05,0.5822917814518109
1111,11.11,7.966762226474522e-05,0.5569146515502599
1112,11.12,8.235333109566506e-05,0.5152859844303972
1113,11.13,7.200820751482491e-05,0.4772065332791033
1114,11.14,8.069899003289131e-05,0.441860498022869
1115,11.15,6.397878608836727e-05,0.405492508919671
1116,11.16,7.341673733568706e-05,0.3756407761664768
1117,11.17,5.430473252129517e-05,0.3526885304726221
1118,11.18,8.327455644732175e-05,0.31351371721719545
1119,11.19,5.862580294918422e-05,0.30177854689490907
1120,11.2,6.25515994225282e-05,0.2770450518881275
1121,11.21,6.417371997136101e-05,0.259249037501469
1122,11.22,5.186488778250939e-05,0.23636475837532742
1123,11.23,6.033067270162784e-05,0.21966019805146814
1124,11.24,5.9951640437967343e-05,0.20386415558352905
1125,11.25,6.0541896115746605e-05,0.19480359935293495
1126,11.26,6.826867347392226e-05,0.1690243311989453
1127,11.27,4.463510621676575e-05,0.1609147424904556
1128,11.28,5.713188074401264e-05,0.13845241533029048
1129,11.29,9.952078957318165e-05,0.11974940254711786
1130,11.3,9.938058407572316e-05,0.08981854032419714
1131,11.31,0.00011397833009837988,0.07616600987456837
1132,11.32,0.00010760219936409472,0.04073258715285327
1133,11.33,0.0001058007499202783,0.0068457305808834025
1134,11.34,0.00011525319780263804,-0.037266624238972174
1135,11.35,7.20351338045419e-05,-0.060757123842140104
1136,11.36,2.8706072592020807e-05,-0.09825098920890851
1137,11.37,2.5836306973279696e-05,-0.1393315308424277
1138,11.38,3.7395628357776364e-05,-0.17888333281814905
1139,11.39,4.0883587046515804e-05,-0.22083561030093984
1140,11.4,3.162245272655788e-05,-0.251790384120315
1141,11.41,3.948739305578708e-05,-0.27725433627330653
1142,11.42,3.950960455895679e-05,-0.3231109017089405
1143,11.43,5.0261005129604436e-05,-0.3413621813088112
1144,11.44,2.9253422908213575e-05,-0.3696009904274044
1145,11.45,-0.0002502016669185432,-0.39508939567287465
1146,11.46,-0.00020951181699140585,-0.42007002821814915
1147,11.47,0.0008182559060187049,-0.4422632134368437
1148,11.48,0.00189495916639126,-0.46161864607810527
1149,11.49,0.0008053366658962585,-0.478251563656466
1150,11.5,-5.18517094759037e-05,-0.5111407680491392
1151,11.51,-0.00039484472287561363,-0.5228846710145282
1152,11.52,-0.00023254279757726863,-0.5500257587537042
1153,11.53,6.011938391705697e-05,-0.5688410265278259
1154,11.54,6.0580536811717656e-05,-0.5865746502132333
1155,11.55,8.031047597275957e-05,-0.5893629026421141
1156,11.56,6.62084857828097e-05,-0.5910653799846135
1157,11.57,8.902107804376926e-05,-0.5866572949736982
1158,11.58,6.107829786836279e-05,-0.5838377805413998
1159,11.59,7.759276773910799e-05,-0.5775969477106622
1160,11.6,7.933992451951422e-05,-0.5782196764685769
1161,11.61,8.749106151746504e-05,-0.579192866474715
1162,11.62,8.304115664677786e-05,-0.5919436633231261
1163,11.63,0.00010040055572826598,-0.6025940965477279
1164,11.64,9.527458923521033e-05,-0.616841674484398
1165,11.65,0.00010728152132321103,-0.6261939137266569
1166,11.66,0.00010495114128680934,-0.6481376522730357
1167,11.67,0.00012457840761794306,-0.6516357474874105
1168,11.68,0.00014025440011407146,-0.6697152003178728
1169,11.69,0.00015957186883464036,-0.6772316073280739
1170,11.7,0.00016793225575808916,-0.6947291398508146
1171,11.71,0.0001920652789087051,-0.7055604368773021
1172,11.72,0.00020337556434479008,-0.7209891724503
1173,11.73,0.00021660430766388267,-0.7218704468467859
1174,11.74,0.00021435979228822712,-0.7326115260016786
1175,11.75,0.0002174711046842217,-0.7213617825214974
1176,11.76,0.00020542739586909727,-0.7247524785993916
1177,11.77,0.00018238142893312916,-0.712094325469459
1178,11.78,0.0001385381937749064,-0.7109123653300417
1179,11.79,0.00012817040025384085,-0.6767714261850155
1180,11.8,9.602553282299191e-05,-0.6619917335295602
1181,11.81,0.00010579806156604289,-0.6093375786145446
1182,11.82,8.298489119315348e-05,-0.5446937477655899
1183,11.83,7.978635746255097e-05,-0.42551485603459843
1184,11.84,6.918953423634862e-05,-0.346398492051361
1185,11.85,7.979871743495591e-05,-0.23170090594188728
1186,11.86,6.384622269372912e-05,-0.08977714621434853
1187,11.87,7.498744051405958e-05,0.04863163313241237
1188,11.88,7.72933061318308e-05,0.13582677279492755
1189,11.89,8.079017116307749e-05,0.21429346930966695
1190,11.9,8.281239493649652e-05,0.30417720589027075
1191,11.91,0.00010025678641961515,0.35693224719801847
1192,11.92,8.002910222163623e-05,0.39301902506005815
1193,11.93,9.714931571012768e-05,0.4048575437649313
1194,11.94,0.00011682633933681602,0.41711384991751754
1195,11.95,0.00011761666172943781,0.41015735699246014
1196,11.96,0.00011139144055244236,0.39599446462416704
1197,11.97,0.00011148578453201718,0.3658205763405229
1198,11.98,0.0001104065396571683,0.3250035640029479
1199,11.99,0.00011291877621974651,0.2952925347291059
1200,12.0,9.66711796512882e-05,0.2523027462929571
1201,12.01,0.0001134709416078742,0.20324918622898813
1202,12.02,9.62757392151091e-05,0.15738259007751992
1203,12.03,9.393254670285976e-05,0.12614337384060284
1204,12.04,0.00010371039301348105,0.09369934686639346
1205,12.05,0.00010477166563394556,0.05296433209374441
1206,12.06,9.968364861027805e-05,0.023454758135229927
1207,12.07,9.708325198005963e-05,-0.014398256486892552
1208,12.08,9.137103718232648e-05,-0.030988549541110754
1209,12.09,0.00010328371175742472,-0.054025668244428386
1210,12.1,7.970737889172533e-05,-0.0780946534747339
1211,12.11,9.993767698659138e-05,-0.09867470400378303
1212,12.12,8.558188181936183e-05,-0.107244888508113
1213,12.13,0.00010137204675509694,-0.11469022981724934
1214,12.14,0.00010898223047975733,-0.12503170603033098
1215,12.15,0.00011681805775282973,-0.13556742237667876
1216,12.16,9.904377829605265e-05,-0.13758780428914322
1217,12.17,0.00010327387816173178,-0.14389858028232994
1218,12.18,0.00014454990887447297,-0.15111625479043453
1219,12.19,0.00016973009762333985,-0.16869237470158502
1220,12.2,0.0001494515568932625,-0.17969798798168443
1221,12.21,0.0001418424421683051,-0.19693178922536486
1222,12.22,0.00013915461288177382,-0.2229019467134453
1223,12.23,0.00017327586502217766,-0.2631603366281359
1224,12.24,0.00013488929029517246,-0.29153114895210347
1225,12.25,0.00011747638485388144,-0.32828551305461795
1226,12.26,8.173404931403026e-05,-0.37703150821844844
1227,12.27,0.00011486395118897458,-0.42243061449836183
1228,12.28,8.859491638004563e-05,-0.45497244315021573
1229,12.29,0.00010841428691239947,-0.48439082378298276
1230,12.3,9.16170244264318e-05,-0.5224137990869636
1231,12.31,0.00011506436390124573,-0.5329053497221854
1232,12.32,8.962547396882889e-05,-0.5570433497775636
1233,12.33,0.00014949707121229665,-0.576033180325529
1234,12.34,-0.00011158823740708979,-0.5984982858462414
1235,12.35,-0.00022657907218160724,-0.6245874231497016
1236,12.36,0.0005216875989617897,-0.6479393440469414
1237,12.37,0.0019333563574776627,-0.6625403903934488
1238,12.38,0.0013394087378090225,-0.690779963936321
1239,12.39,0.00018440190346544032,-0.7068126367054938
1240,12.4,-0.0002606097939334851,-0.7197646422098991
1241,12.41,-0.00024473706180723996,-0.7208470734153283
1242,12.42,0.000134372630529336,-0.7283022593828817
1243,12.43,0.0001342532323785582,-0.7287717138500506
1244,12.44,0.00015468783840789577,-0.7373179889332715
1245,12.45,0.00013472329182558952,-0.7372614234221618
1246,12.46,0.00015832717911556764,-0.7500410983818316
1247,12.47,0.000149566509925321,-0.7509868766201111
1248,12.48,0.00017926195347675762,-0.7534792292213077
1249,12.49,0.0001492859338393937,-0.7532193199933691
1250,12.5,0.0001889749677253076,-0.7557331956172599
1251,12.51,0.00016374785660193403,-0.7496000359885272
1252,12.52,0.00018639191479899626,-0.7546623893997029
1253,12.53,0.00018463831281447136,-0.7445363315766718
1254,12.54,0.00019810131770000954,-0.7472679280446926
1255,12.55,0.0002025733883018986,-0.7419009197953864
1256,12.56,0.00019978442416515585,-0.743621908654944
1257,12.57,0.00022720710274964744,-0.7398039290622217
1258,12.58,0.0002557111075474471,-0.7395095330500205
1259,12.59,0.000267535438376109,-0.7214681821607597
1260,12.6,0.00029732543539382275,-0.7160620737404834
1261,12.61,0.0003172156332467823,-0.7066732106428996
1262,12.62,0.000335418179304485,-0.7080711105544547
1263,12.63,0.00033642645781178405,-0.6981357736242911
1264,12.64,0.00034588557758304973,-0.6998484234283192
1265,12.65,0.00030534953129619097,-0.6885510573898681
1266,12.66,0.0002965904917318265,-0.6863578470018931
1267,12.67,0.0002516354083359276,-0.6518869304596759
1268,12.68,0.00022419519385285386,-0.6335580055852019
1269,12.69,0.00018612528568799289,-0.5798966613190141
1270,12.7,0.00018399358954278994,-0.5109666829524476
1271,12.71,0.0001847286767171167,-0.3899433348896413
1272,12.72,0.00017659879858927113,-0.30764449952854694
1273,12.73,0.00016775755757266787,-0.1895523239197566
1274,12.74,0.00016524485800649934,-0.03409557630882828
1275,12.75,0.00017003225900379636,0.12687808488745828
1276,12.76,0.00017568053529629958,0.23494480125876063
1277,12.77,0.00016431830711323078,0.32588616948603466
1278,12.78,0.00016665118120241448,0.4429296353663958
1279,12.79,0.00018703664734362122,0.5095284880056415
1280,12.8,0.0001965763095350577,0.5529775881852281
1281,12.81,0.0001836335629354785,0.5740519462253622
1282,12.82,0.0001934867069967039,0.6065349350680617
1283,12.83,0.00018820835917027733,0.6102146433570734
1284,12.84,0.00020063488763254547,0.6200445118952023
1285,12.85,0.0001995628276476643,0.6094295586594337
1286,12.86,0.00020554024982146792,0.6070394677044106
1287,12.87,0.0001981357110625928,0.5916034674598402
1288,12.88,0.00019068846405690017,0.5873093020864222
1289,12.89,0.0001939448928814022,0.5673541366620273
1290,12.9,0.00019955353886282924,0.5495062730167422
1291,12.91,0.00019561071611136002,0.5249908569199122
1292,12.92,0.00019619499166939787,0.5091639424638488
1293,12.93,0.00019273360892073897,0.48901763779282065
1294,12.94,0.00018894498009733827,0.45781942716192847
1295,12.95,0.0001720496045606503,0.4403759977596577
1296,12.96,0.0001725170181872647,0.41761706328649895
1297,12.97,0.00018065063214224228,0.3922604110677211
1298,12.98,0.00016841265754767402,0.3754333990371573
1299,12.99,0.00017926464137192968,0.366470703272545
1300,13.0,0.00016696993338306126,0.3568884894536486
1301,13.01,0.00016804395835292273,0.3467442530450408
1302,13.02,0.00017558630378784051,0.3387772147866891
1303,13.03,0.00017351491652155618,0.33251774353693697
1304,13.04,0.0001698686949515478,0.32871368046458915
1305,13.05,0.00016582329997737177,0.31941198868534254
1306,13.06,0.0001768962918203415,0.30663020683385955
1307,13.07,0.00017471945197839074,0.2863699816894403
1308,13.08,0.00018744929667943375,0.27502173058740137
1309,13.09,0.00020037962368403203,0.2615723912323726
1310,13.1,0.00016452780286719572,0.23848805466305514
1311,13.11,0.00017859414748511854,0.22324399730346056
1312,13.12,0.00024412943888714976,0.20385113944164707
1313,13.13,0.00026120697511741037,0.1733410313810019
1314,13.14,0.00023602194875686072,0.14561982937395637
1315,13.15,0.0002367111062341904,0.10740440143806229
1316,13.16,0.0002253878700456194,0.08039832243491407
1317,13.17,0.00023373507068436515,0.05008772104974983
1318,13.18,0.0002116667839843888,0.003511501537207261
1319,13.19,0.00018221013699775898,-0.01925225819739889
1320,13.2,0.00014928998915951334,-0.053675352548865
1321,13.21,0.00016171535383323853,-0.0877166083742962
1322,13.22,0.0001482388417208217,-0.1144758682518271
1323,13.23,0.00015803305799792604,-0.1390261277896006
1324,13.24,0.00015959344639872829,-0.1530603327643503
1325,13.25,0.00017381591857108976,-0.17058424839510772
1326,13.26,0.0001556715052496785,-0.19717617074353666
1327,13.27,0.00016123631414220393,-0.21047635725142028
1328,13.28,-8.133106470688094e-05,-0.23827039716806614
1329,13.29,-0.00011251925221201879,-0.26194547828320713
1330,13.3,0.0008094174637860753,-0.2841149032846368
1331,13.31,0.00203180055817331,-0.29601549477722566
1332,13.32,0.001276694727949796,-0.30492888381537575
1333,13.33,0.00011654749006017283,-0.31599647822992133
1334,13.34,-0.00029925637057381764,-0.3176203267120668
1335,13.35,-1.513117653214116e-05,-0.3180713140490914
1336,13.36,0.00020653162669514655,-0.3237665353914719
1337,13.37,0.0001969756843857775,-0.32960192499188096
1338,13.38,0.00020202169469453642,-0.3366421793789938
1339,13.39,0.00018795936415567406,-0.34765871404493676
1340,13.4,0.0002051011087214876,-0.356348894472975
1341,13.41,0.0002057869378023075,-0.36683529885891
1342,13.42,0.00021099577416121285,-0.3856486280950466
1343,13.43,0.0001945314977938907,-0.3957903956312251
1344,13.44,0.00020455439014599973,-0.40835389070755285
1345,13.45,0.00020355883867719318,-0.42408433261469364
1346,13.46,0.00021873490146408214,-0.43511797851818357
1347,13.47,0.0002195193493359747,-0.45033630040922096
1348,13.48,0.00023450852461302796,-0.4638031145883028
1349,13.49,0.00023237085274428575,-0.4736541445451075
1350,13.5,0.00026988619683565064,-0.4892576308898828
1351,13.51,0.0002746071304395841,-0.49427392990159696
1352,13.52,0.0003090822128713911,-0.5064203432544316
1353,13.53,0.00033417289371399407,-0.5143437042038579
1354,13.54,0.00036089469734964033,-0.5242420607030677
1355,13.55,0.0003853883608625399,-0.5295032331784693
1356,13.56,0.0004033300390960167,-0.5317437611865407
1357,13.57,0.0004254961070318305,-0.5360782200639689
1358,13.58,0.00038998394619792383,-0.5379285594502308
1359,13.59,0.0003842540657843455,-0.5322249758588783
1360,13.6,0.0003471039727254554,-0.5243248918714133
1361,13.61,0.00030202317526310113,-0.4851891731988694
1362,13.62,0.0002738913997708727,-0.4340031898688818
1363,13.63,0.00024668232171595403,-0.3421658117969597
1364,13.64,0.0002247762631171074,-0.265583291959863
1365,13.65,0.00022586941530371683,-0.16833642276636823
1366,13.66,0.00021467430917617922,0.0017638874280682447
1367,13.67,0.00020384538089441955,0.09404586630368944
1368,13.68,0.00021419710216332571,0.2354909303060408
1369,13.69,0.0002127457824653671,0.391351875190406
1370,13.7,0.0002020191222458778,0.5193697721445518
1371,13.71,0.0002067197909766602,0.6398763651861233
1372,13.72,0.00021008339013828432,0.7023612394378635
1373,13.73,0.00021432493858346974,0.7579797880291611
1374,13.74,0.00023229982120636337,0.814646358799195
1375,13.75,0.0002326380423060201,0.8414748526680272
1376,13.76,0.00023670818582744932,0.861223988232028
1377,13.77,0.00023059095740118885,0.8587900966190128
1378,13.78,0.0002274972447228029,0.8595633183768813
1379,13.79,0.0002367036683643773,0.8406801228376065
1380,13.8,0.00022848174885625044,0.8315578907259161
1381,13.81,0.00023388218187423045,0.810115154024682
1382,13.82,0.00022960389528779365,0.7870171676289567
1383,13.83,0.00022539914696157598,0.7573230249705021
1384,13.84,0.00022484254664482256,0.7407991667434319
1385,13.85,0.00022750362198836055,0.7165271319486435
1386,13.86,0.00022243191251928272,0.6840004091511659
1387,13.87,0.00021856129514503594,0.6476105591988037
1388,13.88,0.00020972741517597503,0.6264388424085898
1389,13.89,0.00021157358253615262,0.6027394807523924
1390,13.9,0.00020552582188254967,0.5766959968690503
1391,13.91,0.00020362009952852068,0.5525219742330617
1392,13.92,0.00019094986787218833,0.5318298782463012
1393,13.93,0.00018322762570389776,0.5213893407557346
1394,13.94,0.00019725610615356493,0.49776834412864573
1395,13.95,0.00018270854368728287,0.48716669203109375
1396,13.96,0.00019879048201618815,0.4708993823523035
1397,13.97,0.0001995338653408337,0.4485190326977619
1398,13.98,0.000191055789109695,0.4280790719927932
1399,13.99,0.00018666964671006266,0.4178833543573521
1400,14.0,0.00018454289903430295,0.40225113501882925
1401,14.01,0.00017833265474863878,0.388802197012355
1402,14.02,0.00018112635281650712,0.3801631286008478
1403,14.03,0.000183427297449211,0.3734426438805581
1404,14.04,0.0001821212356816794,0.3674937132106725
1405,14.05,0.00019143657178247002,0.35147228290797744
1406,14.06,0.00018786981695989927,0.33538707037635423
1407,14.07,0.00021317886377714146,0.30144721170721794
1408,14.08,0.0002723714754870321,0.27823413552321735
1409,14.09,0.0002521826461298546,0.2375852789241017
1410,14.1,0.00024837686440206536,0.18377095989322864
1411,14.11,0.00022069259592126002,0.12709289598507786
1412,14.12,0.0002619545738530918,0.09032324388524328
1413,14.13,0.0002239906346157665,0.05700871470887185
1414,14.14,0.0001962680124642964,0.016966157916119
1415,14.15,0.00012826973542494693,-0.00822868742371468
1416,14.16,0.00016758081574700344,-0.026525877580713224
1417,14.17,0.0001539144576285737,-0.042511947585833744
1418,14.18,0.00016180223711861723,-0.07218382643497923
1419,14.19,0.00015263422146112766,-0.10086916607587887
1420,14.2,0.00017355820942318613,-0.12340012421934163
1421,14.21,0.00015305422945230407,-0.14393649840845896
1422,14.22,0.00019798572737723258,-0.17229336175402674
1423,14.23,8.076241949373474e-05,-0.1833110933913073
1424,14.24,-0.00014287245438005143,-0.19150629382725678
1425,14.25,2.7951408955326218e-05,-0.19383114081350958
1426,14.26,0.0013533535412207816,-0.19997878004599512
1427,14.27,0.001975612193766723,-0.202945314222202
1428,14.28,0.000807208033435123,-0.21294628812833621
1429,14.29,-5.4891809325665133e-05,-0.21350241640053227
1430,14.3,-0.0002710594162061205,-0.22539530904587832
1431,14.31,0.00014340762234781035,-0.22754308395627207
1432,14.32,0.00020781276202262722,-0.2319104366689951
1433,14.33,0.00021834339691955557,-0.23309025279953635
1434,14.34,0.00019809395529121407,-0.23746525998593637
1435,14.35,0.0002140581421962804,-0.2401563128121123
1436,14.36,0.0002018674099577688,-0.24655180795332518
1437,14.37,0.00022109318612246152,-0.2512671815116684
1438,14.38,0.0002101611187537277,-0.26275510387137535
1439,14.39,0.00021428708058811134,-0.26800444529198475
1440,14.4,0.00020885199460705071,-0.2740279138627921
1441,14.41,0.00023107768141770492,-0.27896609154865304
1442,14.42,0.0002186508867938839,-0.29011734165510705
1443,14.43,0.00024612290319664214,-0.2968538404003394
1444,14.44,0.00023317301300063847,-0.3053781528408064
1445,14.45,0.00025599138988630435,-0.31458190749528314
1446,14.46,0.00028029356708991933,-0.33375777475618823
1447,14.47,0.0002995259369684613,-0.35065146671921044
1448,14.48,0.0003236971977659264,-0.3686349033390866
1449,14.49,0.00035537557309671224,-0.3784933369042708
1450,14.5,0.00037553311894903546,-0.39570770476280115
1451,14.51,0.00040482464005717894,-0.39835047846442273
1452,14.52,0.000408901998911226,-0.4109180754079699
1453,14.53,0.0004233909807809088,-0.40634720526713386
1454,14.54,0.0003945495304002282,-0.4117700347706829
1455,14.55,0.00038584826078686546,-0.39377789143267494
1456,14.56,0.00033609891717240395,-0.393908941282893
1457,14.57,0.0003049244776964239,-0.3614964794686111
1458,14.58,0.00025909901108231437,-0.32627215219013783
1459,14.59,0.0002445608534586696,-0.23395009542990736
1460,14.6,0.0002183592417226276,-0.1713730123877117
1461,14.61,0.0002309557580071151,-0.06953066122077564
1462,14.62,0.00022556623942654452,0.0656853273765658
1463,14.63,0.000218648661923896,0.22500621003476512
1464,14.64,0.00020300806322241446,0.3301938084149479
1465,14.65,0.0002290040310112887,0.44380743891431645
1466,14.66,0.00022546098573555072,0.5828977789805927
1467,14.67,0.0002314379594462214,0.6842815702416494
1468,14.68,0.00022277899596855402,0.7552634601038984
1469,14.69,0.0002348740863542878,0.7975380203275073
1470,14.7,0.00021609861238652654,0.8558575061743092
1471,14.71,0.0002502376840792294,0.8676007613333971
1472,14.72,0.00024205033201937093,0.8835367198330002
1473,14.73,0.000256576485655852,0.8727159446100498
1474,14.74,0.0002304830256870654,0.8714059912737472
1475,14.75,0.0002415402362424164,0.8415958347128674
1476,14.76,0.0002517803777511915,0.8290346438523508
1477,14.77,0.00024290808511476247,0.8030260856333631
1478,14.78,0.0002409931520047509,0.7764929395193343
1479,14.79,0.00024027850500631283,0.7313114878947717
1480,14.8,0.00023098984394179754,0.7068508897150017
1481,14.81,0.00023382885742654833,0.6662418401629693
1482,14.82,0.0002417704061519945,0.6212476640899539
1483,14.83,0.00022108544460494942,0.5721142492447377
1484,14.84,0.0002151747977829875,0.5434504187306717
1485,14.85,0.00022402658704301706,0.5125234465340502
1486,14.86,0.00021635106969531727,0.47885300535210557
1487,14.87,0.0002271210806105671,0.4551433255681901
1488,14.88,0.00021731375860297927,0.44445678846060793
1489,14.89,0.00021837661987130115,0.43156477706859775
1490,14.9,0.00020429351650857672,0.4216522380887119
1491,14.91,0.00022738018634621375,0.4107491487174761
1492,14.92,0.00021272399770966115,0.40289362614469887
1493,14.93,0.0002090390469068719,0.3885346956266953
1494,14.94,0.00020643793822608218,0.3644937387273041
1495,14.95,0.0002166176525944634,0.3315372856735005
1496,14.96,0.00020941341604944347,0.3131793714898713
1497,14.97,0.00021688396981392986,0.28594755579291986
1498,14.98,0.0002082374119233444,0.2563337553967717
1499,14.99,0.00020899388849093467,0.22535893926110728
